campaign_id,campaign_name,description,campaign_goal,target_audience_criteria,overall_start_date,overall_end_date,campaign_status,overall_budget,total_campaign_cost_planned,total_campaign_cost_actual,cost_per_piece_planned,cost_per_piece_actual,printing_cost_actual,postage_cost_actual,data_cost_actual,other_costs_actual,cell_no,cell_description,assigned_creative_id,assigned_offer_code,campaign_total_mailed,campaign_total_responses,campaign_total_conversions,campaign_total_conversion_value,mail_drop_id,mailing_week_start_date,planned_send_date,actual_send_date,total_pieces_sent_this_week,total_campaign_pieces_sent,total_campaign_responses,overall_response_rate,total_campaign_conversions,overall_conversion_rate,total_campaign_conversion_value,average_conversion_value,campaign_roi
CAM0001,Holiday Campaign 2025-09,Marketing initiative focused on cross-selling campaign through targeted messaging and offers,Drive customer acquisition,Students in Suburban regions who are Inactive customers,2025-09-19,2025-11-06,Planned,55605.349351061996,48566.155312252,51943.00859839333,1.3497347371533543,1.4435831415261333,16188.235633116794,26728.730268697956,4007.4577458789527,5018.584950699629,Y3,Target segment Premium,CRs3c2O7,OFFEXPT,35982,1214,121,23706.839116918567,MDZMXVYg5B,2025-09-19,2025-09-20,2025-09-29,35982,35982,1214,3.38,121,10.04,23706.84,195.92,-54.36
CAM0002,Fall Campaign 2025-05,Marketing initiative focused on customer feedback initiative through targeted messaging and offers,Cross-selling campaign,Families in Suburban regions who are Recent purchasers,2025-05-15,2025-10-10,Planned,29775.21843174704,24442.099970361058,26931.49401943137,5.78922310998604,6.3788474702584965,11480.378763927773,14583.119645438232,702.2693970034206,165.72621306195077,A5,Target segment Value,CRZzoF2B,OFFL0H0,4222,633,221,24398.556957729856,MDzl3aQHvU,2025-05-15,2025-05-21,2025-05-17,4222,4222,633,14.99,221,34.97,24398.56,110.4,-9.41
CAM0003,Holiday Campaign 2024-07,Marketing initiative focused on seasonal promotion through targeted messaging and offers,Drive customer acquisition,Young professionals in Metropolitan zones who are High-value customers,2024-07-15,2024-08-19,Completed,39736.40489642581,34871.38733640101,29094.04868216989,9.839556246162813,8.209381682327848,5321.5735420780775,14838.382949294259,5641.260781556976,3292.8314092405767,O1,Target segment Standard,CRjfnVa1,OFF8rbS,3544,308,31,19517.738704172403,MD1lw1I09R,2024-07-15,2024-07-16,2024-07-24,3544,3544,308,8.69,31,10.15,19517.74,629.6,-32.92
CAM0004,Special Campaign 2024-07,Marketing initiative focused on brand loyalty program through targeted messaging and offers,Cross-selling campaign,Young professionals in Urban areas who are High-value customers,2024-07-01,2024-12-20,Completed,44624.52977056939,41700.28008733304,34499.50095801731,3.0211026651693866,2.499420485258082,16357.434044382186,11336.605992037066,3654.790687268962,3150.6702343290863,L7,Target segment Test,CRpGkit0,OFFJF7d,13803,1390,385,119378.53149306192,MDg5U4Ras6,2024-07-01,2024-07-02,2024-07-02,13803,13803,1390,10.07,385,27.77,119378.53,310.07,246.03
CAM0005,Fall Campaign 2025-02,Marketing initiative focused on brand loyalty program through targeted messaging and offers,Customer feedback initiative,Business owners in Metropolitan zones who are Inactive customers,2025-02-20,2025-06-03,Active,24060.529549309154,19606.745938585515,15652.423488423192,0.4627506711962595,0.36942231504421036,3293.442961892796,7912.936678204021,2875.6160797803673,1570.4277685460072,V5,Target segment Value,CRBtWXGF,OFFsN4b,42370,1930,717,703109.6498477976,MDK6gOzyUs,2025-02-20,2025-02-22,2025-03-02,42370,42370,1930,4.56,717,37.17,703109.65,980.63,4392.02
CAM0006,Holiday Campaign 2024-05,Marketing initiative focused on seasonal promotion through targeted messaging and offers,Customer feedback initiative,Seniors in Metropolitan zones who are High-value customers,2024-05-23,2024-10-26,Completed,49204.12340503747,39803.31625354151,32936.443169830716,1.430641803376519,1.1838273010506333,1357.135778647634,22223.182955236003,8779.429484213364,576.6949517337143,T3,Target segment Test,CRlde08S,OFFaiaR,27822,2675,532,135376.19341794262,MD7IYERUIA,2024-05-23,2024-05-26,2024-05-24,27822,27822,2675,9.62,532,19.9,135376.19,254.47,311.02
CAM0007,Spring Campaign 2024-03,Marketing initiative focused on brand loyalty program through targeted messaging and offers,Customer feedback initiative,Young professionals in Metropolitan zones who are Frequent shoppers,2024-03-10,2024-05-08,Completed,15914.581447415812,13059.716538883906,13731.827150581126,0.4933221221200433,0.5187106542734532,2150.7181863343794,8306.371747534964,2444.772293360743,829.9649233510415,F5,Target segment Value,CRcOMrxI,OFFdgag,26473,3076,241,57208.76147820523,MDK7CLZlMD,2024-03-10,2024-03-14,2024-03-13,26473,26473,3076,11.62,241,7.86,57208.76,237.38,316.61
CAM0008,Special Campaign 2023-06,Marketing initiative focused on customer reactivation through targeted messaging and offers,Boost customer retention,Seniors in Suburban regions who are Inactive customers,2023-06-07,2023-07-26,Completed,19496.45925275196,15827.638946927562,13571.077052660927,0.5817060144410879,0.49877162162008626,4900.931586003765,4158.808509630042,2620.2198320327548,1891.1171249943654,X2,Target segment Value,CRKq3SEg,OFFCfNY,27209,4057,1217,1172208.351413651,MDLe5FCXxf,2023-06-07,2023-06-13,2023-06-15,27209,27209,4057,14.91,1217,30.01,1172208.35,963.2,8537.55
CAM0009,Fall Campaign 2023-11,Marketing initiative focused on customer reactivation through targeted messaging and offers,Seasonal promotion,Young professionals in Metropolitan zones who are Recent purchasers,2023-11-28,2024-01-29,Completed,17467.860136963238,16428.890086360338,13348.84578613506,0.47562069614846675,0.3864526022272903,5709.81224670803,6071.004182628093,1077.7406080441997,490.288748754738,D1,Target segment Test,CRtgikwf,OFFZcR6,34542,1558,520,507568.0834802108,MDBBiYharD,2023-11-28,2023-11-30,2023-12-05,34542,34542,1558,4.51,520,33.44,507568.08,976.09,3702.34
CAM0010,Winter Campaign 2025-01,Marketing initiative focused on boost customer retention through targeted messaging and offers,Customer reactivation,Students in Rural communities who are Inactive customers,2025-01-09,2025-06-28,Active,13734.457906845451,11762.69884585238,11686.618756467717,0.2515063149918189,0.24987959452773667,1067.7364638669228,9983.700411202877,371.76070499260464,263.42117640531256,M4,Target segment Premium,CRECB8qd,OFFCLGN,46769,6263,760,530171.0475164982,MDLAQ51EdQ,2025-01-09,2025-01-13,2025-01-17,46769,46769,6263,13.39,760,12.15,530171.05,697.59,4436.56
CAM0011,Fall Campaign 2025-01,Marketing initiative focused on customer reactivation through targeted messaging and offers,Brand loyalty program,Young professionals in Metropolitan zones who are High-value customers,2025-01-18,2025-03-31,Completed,20876.750990838194,18509.68579245973,19930.142282424462,0.6624323882492209,0.7132682800953569,9198.531588806341,7472.407180523372,2955.697207540453,303.5063055542969,D3,Target segment Value,CRxaHSrQ,OFFfocN,27942,667,132,105743.60390093594,MDhpUyggVM,2025-01-18,2025-01-19,2025-01-26,27942,27942,667,2.39,132,19.86,105743.6,801.09,430.57
CAM0012,Holiday Campaign 2023-07,Marketing initiative focused on customer feedback initiative through targeted messaging and offers,Launch new product,Families in Metropolitan zones who are Frequent shoppers,2023-07-24,2023-09-21,Completed,45786.43459837876,37450.61686513519,42222.51106687396,1.8124481858943615,2.0433872654926177,15483.030739231759,22200.897947885187,3163.303570203748,1375.278809553267,U3,Target segment Standard,CRen0Z7X,OFFAkFx,20663,1847,114,6368.060846435985,MD0kehy1qg,2023-07-24,2023-07-30,2023-07-27,20663,20663,1847,8.94,114,6.2,6368.06,55.86,-84.92
CAM0013,Fall Campaign 2023-05,Marketing initiative focused on increase brand awareness through targeted messaging and offers,Boost customer retention,Business owners in Rural communities who are High-value customers,2023-05-20,2023-07-14,Completed,31199.489349126696,27257.17921272081,24705.22180952272,0.6280600754100512,0.5692578586954243,14765.91622437389,1897.5254018819871,4422.420228096442,3619.3599551704037,U9,Target segment Value,CREM8dPY,OFFcOIp,43399,5574,757,637439.67889929,MDhNEvPcnh,2023-05-20,2023-05-27,2023-05-28,43399,43399,5574,12.84,757,13.59,637439.68,842.06,2480.18
CAM0014,Winter Campaign 2026-01,Marketing initiative focused on launch new product through targeted messaging and offers,Boost customer retention,Seniors in Urban areas who are Inactive customers,2026-01-24,2026-03-09,Planned,13389.388628036826,12513.319843977682,10831.095087713027,0.6077377291878427,0.5260366725455574,1042.2696066542123,4672.238797264819,3734.8459346346567,1381.7407491593387,U4,Target segment Control,CRyznd3J,OFFQpg4,20590,1189,365,65682.21022007565,MDC9LCtI6U,2026-01-24,2026-01-26,2026-02-01,20590,20590,1189,5.77,365,30.72,65682.21,179.95,506.42
CAM0015,Summer Campaign 2024-10,Marketing initiative focused on increase brand awareness through targeted messaging and offers,Market expansion,Business owners in Suburban regions who are Recent purchasers,2024-10-12,2024-11-29,Completed,40988.70647853978,34333.14497528214,37463.38432295229,1.0021349963596655,1.09350216937981,4524.195528020653,23538.014745252287,8945.90974697334,455.2643027060113,Z7,Target segment Test,CRsDWL3Q,OFFLtrs,34260,346,117,55426.97003739353,MDvNjoIrqe,2024-10-12,2024-10-16,2024-10-13,34260,34260,346,1.01,117,33.84,55426.97,473.73,47.95
CAM0016,Winter Campaign 2025-04,Marketing initiative focused on drive customer acquisition through targeted messaging and offers,Seasonal promotion,Seniors in Rural communities who are High-value customers,2025-04-14,2025-06-25,Active,29434.980770987033,24095.100159928377,24481.048176247095,0.5408916461249551,0.5495554846846498,6666.9687887022865,13230.7769287352,2603.0018707497798,1980.3005880598282,Y4,Target segment Premium,CRPVUF3V,OFFQuBJ,44547,4514,1109,415988.19535838667,MDgO1h5wcf,2025-04-14,2025-04-20,2025-04-19,44547,44547,4514,10.13,1109,24.57,415988.2,375.1,1599.23
CAM0017,Winter Campaign 2023-10,Marketing initiative focused on seasonal promotion through targeted messaging and offers,Increase brand awareness,Students in Rural communities who are High-value customers,2023-10-16,2023-12-17,Completed,52995.73847827909,49827.246220537774,38673.164124465,1.3579496421807367,1.0539657189236367,9087.42423069695,20144.593050664225,4271.184144094158,5169.962699009666,E7,Target segment Test,CR1h36V2,OFFmiRQ,36693,3277,670,341712.991922094,MDPZ2oVMCv,2023-10-16,2023-10-21,2023-10-22,36693,36693,3277,8.93,670,20.47,341712.99,510.02,783.59
CAM0018,Holiday Campaign 2024-12,Marketing initiative focused on launch new product through targeted messaging and offers,Brand loyalty program,Young professionals in Metropolitan zones who are Recent purchasers,2024-12-25,2025-02-25,Completed,12519.84378782574,11600.944878848757,8294.605692453268,0.2995879678446597,0.21420359198546776,1518.8564009851925,5015.004877876554,1092.7077212712775,668.0366923202437,M7,Target segment Premium,CRoHRJ4L,OFFr2SD,38723,2869,611,84295.64651896161,MDQhMF8rjQ,2024-12-25,2025-01-01,2024-12-28,38723,38723,2869,7.41,611,21.3,84295.65,137.96,916.27
CAM0019,Spring Campaign 2024-07,Marketing initiative focused on customer reactivation through targeted messaging and offers,Boost customer retention,Business owners in Suburban regions who are Recent purchasers,2024-07-29,2024-09-19,Completed,18364.99287599384,16750.354211693197,13697.644482593572,3.140887720174985,2.5684688697906566,4203.515921559842,6377.41407497569,1382.7964796690585,1733.9180063889835,A7,Target segment Test,CRnkUDaD,OFFoDuT,5333,615,46,27445.2383523893,MDJHXTS4Y5,2024-07-29,2024-07-31,2024-08-05,5333,5333,615,11.54,46,7.64,27445.24,596.64,100.36
CAM0020,Special Campaign 2025-12,Marketing initiative focused on market expansion through targeted messaging and offers,Market expansion,Seniors in Metropolitan zones who are Inactive customers,2025-12-09,2026-03-01,Planned,25571.413231007107,21034.10613695548,23384.111454952577,0.4817044413721312,0.5355221786962987,6517.414382379589,13366.20604401668,2297.824885813583,1202.6661427427207,X2,Target segment Premium,CRW7uFrC,OFFN86Z,43666,5312,576,182510.35818580203,MDSCXadeof,2025-12-09,2025-12-15,2025-12-17,43666,43666,5312,12.17,576,10.85,182510.36,316.86,680.49
CAM0021,Special Campaign 2026-03,Marketing initiative focused on increase brand awareness through targeted messaging and offers,Cross-selling campaign,Business owners in Urban areas who are Recent purchasers,2026-03-20,2026-07-22,Planned,49575.59212650416,46615.21320891983,35000.75833488442,5.225334963448025,3.9234119868719226,16139.151896113746,16751.80151844945,1256.7285350024515,853.0763853187657,M2,Target segment Premium,CRv7AzUh,OFFL87D,8921,993,369,84628.87383351427,MDmuXKbkus,2026-03-20,2026-03-23,2026-03-26,8921,8921,993,11.13,369,37.22,84628.87,229.35,141.79
CAM0022,Winter Campaign 2024-05,Marketing initiative focused on customer feedback initiative through targeted messaging and offers,Boost customer retention,Business owners in Metropolitan zones who are Frequent shoppers,2024-05-21,2024-07-15,Completed,59574.26645832039,49694.26615575236,36892.85695207885,9.170375743818484,6.808056274603959,9568.667687359266,20750.436613186932,2075.578749087296,4498.173902445354,U4,Target segment Control,CRThWL99,OFFThHJ,5419,199,76,61255.59257946602,MDg0XfHZtK,2024-05-21,2024-05-28,2024-05-26,5419,5419,199,3.69,76,38.4,61255.59,805.99,66.04
CAM0023,Summer Campaign 2025-04,Marketing initiative focused on cross-selling campaign through targeted messaging and offers,Market expansion,Students in Rural communities who are Recent purchasers,2025-04-07,2025-08-18,Active,16809.684614314927,15550.48261773887,16417.409770796934,0.3533799026869417,0.37308055381881455,9244.487667647621,2482.9323887630994,4566.70400573262,123.28570865359272,Q6,Target segment Control,CRYz7t4S,OFFXZyK,44005,2842,260,181811.40806639154,MDDFthkHJz,2025-04-07,2025-04-13,2025-04-15,44005,44005,2842,6.46,260,9.17,181811.41,699.27,1007.43
CAM0024,Special Campaign 2024-08,Marketing initiative focused on market expansion through targeted messaging and offers,Brand loyalty program,Young professionals in Suburban regions who are High-value customers,2024-08-29,2024-10-22,Completed,8314.80104686999,7788.787822436373,8803.984348449781,0.1947245636750012,0.22010511133902802,1195.4528212380121,3910.1785387882014,3166.0045974543964,532.3483909691711,F2,Target segment Standard,CR7icA2i,OFFcUwW,39999,3466,766,630787.8999537072,MDKCb6zhg8,2024-08-29,2024-08-30,2024-09-05,39999,39999,3466,8.67,766,22.12,630787.9,823.48,7064.8
CAM0025,Special Campaign 2026-03,Marketing initiative focused on launch new product through targeted messaging and offers,Seasonal promotion,Seniors in Suburban regions who are Inactive customers,2026-03-27,2026-06-18,Planned,10304.815749994705,9078.343262335082,8533.349026071737,0.1906934539528868,0.17924567870421865,1099.3115918839626,5496.836594085854,552.1646438501689,1385.0361962517536,J6,Target segment Test,CRDuDkrq,OFFzzhh,47607,3179,1210,196649.81988062809,MDIr6W6jFJ,2026-03-27,2026-03-29,2026-04-06,47607,47607,3179,6.68,1210,38.09,196649.82,162.52,2204.49
CAM0026,Fall Campaign 2023-07,Marketing initiative focused on cross-selling campaign through targeted messaging and offers,Seasonal promotion,Business owners in Urban areas who are Frequent shoppers,2023-07-28,2024-01-02,Completed,18432.346229521227,15073.997720298297,14801.36555428679,3.746023290332579,3.678271758023556,1822.76414648957,8380.301538813244,1488.196749459593,3110.103119524381,K8,Target segment Premium,CRayFH9P,OFFllUT,4024,78,17,16320.124491356373,MDe5Nlj8MP,2023-07-28,2023-07-29,2023-07-29,4024,4024,78,1.96,17,22.11,16320.12,960.01,10.26
CAM0027,Fall Campaign 2023-07,Marketing initiative focused on increase brand awareness through targeted messaging and offers,Launch new product,Seniors in Rural communities who are High-value customers,2023-07-21,2023-12-02,Completed,49412.28425823742,44839.34067768614,37045.69123969473,0.9543127884409428,0.7884410513705089,16789.91697927515,14021.802653311035,2648.3909811760727,3585.5806259324763,O2,Target segment Control,CRtQVTRj,OFFJNHj,46986,3935,1285,215223.76552432048,MDV04HZgr2,2023-07-21,2023-07-24,2023-07-30,46986,46986,3935,8.38,1285,32.67,215223.77,167.49,480.97
CAM0028,Summer Campaign 2024-06,Marketing initiative focused on seasonal promotion through targeted messaging and offers,Drive customer acquisition,Families in Rural communities who are Inactive customers,2024-06-04,2024-09-07,Completed,30076.841897241924,25455.233947678145,24099.9930144256,1.4705507768733763,1.392258406379295,9159.843334286126,11610.828275297978,2831.668067210281,497.6533376312129,F5,Target segment Premium,CRDRfFam,OFFIouc,17310,2054,792,535422.6335671621,MDxjTzMOVo,2024-06-04,2024-06-11,2024-06-08,17310,17310,2054,11.87,792,38.57,535422.63,676.04,2121.67
CAM0029,Summer Campaign 2024-06,Marketing initiative focused on increase brand awareness through targeted messaging and offers,Boost customer retention,Business owners in Rural communities who are High-value customers,2024-06-21,2024-11-28,Completed,75374.57555729224,63409.997304635464,58279.412069535814,2.655360021132138,2.4405113931966422,15982.772054205281,27952.846564566607,9457.793569655265,4885.999881108663,F5,Target segment Test,CRskdAlO,OFFerpT,23880,3462,1325,903489.9462535924,MDjg53t26n,2024-06-21,2024-06-28,2024-06-24,23880,23880,3462,14.5,1325,38.3,903489.95,681.88,1450.27
CAM0030,Winter Campaign 2024-05,Marketing initiative focused on customer reactivation through targeted messaging and offers,Boost customer retention,Students in Metropolitan zones who are High-value customers,2024-05-08,2024-06-17,Completed,15516.437677649807,12579.323945887176,9855.861423859456,0.2947219892668379,0.23091376748651554,3828.6591219279553,3403.6667825823606,2137.9709272267764,485.5645921223641,B6,Target segment Test,CRHXzB12,OFFOgPM,42682,4138,1120,109422.14650006706,MDXEbXLwCJ,2024-05-08,2024-05-11,2024-05-14,42682,42682,4138,9.7,1120,27.08,109422.15,97.7,1010.22
CAM0031,Holiday Campaign 2025-08,Marketing initiative focused on launch new product through targeted messaging and offers,Brand loyalty program,Seniors in Urban areas who are Inactive customers,2025-08-25,2026-01-16,Planned,22600.151719766367,19351.465729243795,14312.692392522265,0.5755253904723946,0.42566893863080735,6407.565975481935,4575.673436899364,2470.906511951226,858.546468189739,R7,Target segment Value,CRP5J4m5,OFF51KT,33624,2526,676,441981.6696482496,MD5iFlW23s,2025-08-25,2025-08-31,2025-09-01,33624,33624,2526,7.51,676,26.8,441981.67,653.82,2988.04
CAM0032,Summer Campaign 2025-10,Marketing initiative focused on launch new product through targeted messaging and offers,Brand loyalty program,Young professionals in Suburban regions who are Frequent shoppers,2025-10-24,2025-12-29,Planned,39689.310945459416,34335.30027301128,25780.28606006458,1.7228812420598765,1.2936066064561482,6130.228144694945,13176.22256719607,6074.037771464896,399.797576708667,E2,Target segment Premium,CR4TKCfr,OFFAdxz,19929,941,272,100734.41014339821,MDlS1ft96O,2025-10-24,2025-10-29,2025-10-31,19929,19929,941,4.73,272,28.99,100734.41,370.35,290.74
CAM0033,Summer Campaign 2023-07,Marketing initiative focused on brand loyalty program through targeted messaging and offers,Customer feedback initiative,Seniors in Metropolitan zones who are High-value customers,2023-07-06,2023-08-20,Completed,20050.644047749913,17953.66007079679,16764.233122688933,0.6733548389452345,0.6287451945650877,675.667850884546,12549.464055632981,1787.4199299639245,1751.6812862074805,E1,Target segment Control,CRti92x9,OFFkmVV,26663,2300,239,49610.90918253415,MDJwcztFRN,2023-07-06,2023-07-12,2023-07-07,26663,26663,2300,8.63,239,10.4,49610.91,207.58,195.93
CAM0034,Summer Campaign 2024-01,Marketing initiative focused on customer reactivation through targeted messaging and offers,Boost customer retention,Students in Urban areas who are High-value customers,2024-01-12,2024-04-14,Completed,31155.345267889217,25855.214194662985,18611.45095041122,1.5177701317677126,1.0925418814447445,3615.3956669347804,13719.81378557491,389.4093897529218,886.8321081486107,N3,Target segment Premium,CRvjBbyC,OFFiz9g,17035,1156,164,125899.24109882739,MDACYzlUAi,2024-01-12,2024-01-17,2024-01-21,17035,17035,1156,6.79,164,14.19,125899.24,767.68,576.46
CAM0035,Fall Campaign 2025-08,Marketing initiative focused on customer feedback initiative through targeted messaging and offers,Customer feedback initiative,Families in Rural communities who are Inactive customers,2025-08-03,2025-12-14,Planned,6137.462603745464,5360.562318452966,6024.267142267328,0.7574625291017332,0.8512458869955247,916.7462939592639,3204.260041794118,236.39717661835127,1666.863629895595,Z7,Target segment Test,CR1gIX5L,OFFnzuL,7077,156,37,12551.981467852334,MD588N5r85,2025-08-03,2025-08-05,2025-08-09,7077,7077,156,2.21,37,23.79,12551.98,339.24,108.36
CAM0036,Holiday Campaign 2024-10,Marketing initiative focused on boost customer retention through targeted messaging and offers,Market expansion,Students in Rural communities who are Inactive customers,2024-10-31,2025-04-04,Completed,5859.166671239626,5079.188133091326,3910.2876743813026,0.9113920927850935,0.7016486047696577,434.8607713985651,2448.7203711771194,438.2513070195843,588.4552247860338,U8,Target segment Control,CROzfhHs,OFFQjgn,5573,89,21,5827.868280314154,MD7C94itSN,2024-10-31,2024-11-04,2024-11-02,5573,5573,89,1.6,21,23.79,5827.87,277.52,49.04
CAM0037,Fall Campaign 2024-10,Marketing initiative focused on launch new product through targeted messaging and offers,Seasonal promotion,Students in Rural communities who are Recent purchasers,2024-10-25,2024-12-25,Completed,46823.911152548164,40901.78626500149,30413.561893674523,18.90101028881769,14.054326198555694,2903.884707752605,21013.1472884639,3480.9627071959976,3015.5671902620193,Z9,Target segment Control,CR4DTWjB,OFFvT1V,2164,189,57,21598.28349993753,MDtbuGXxsm,2024-10-25,2024-10-26,2024-11-04,2164,2164,189,8.76,57,30.38,21598.28,378.92,-28.98
CAM0038,Special Campaign 2024-04,Marketing initiative focused on market expansion through targeted messaging and offers,Increase brand awareness,Business owners in Suburban regions who are Frequent shoppers,2024-04-12,2024-08-23,Completed,15267.00928381768,14413.956836139807,16485.24539332785,0.6294029446810099,0.7198482770764529,9990.827496634061,2798.2814137838036,823.5055875570663,2872.630895352917,I1,Target segment Premium,CRd5igQY,OFFPsOI,22901,384,25,10699.362557100256,MDjVTHzCd6,2024-04-12,2024-04-13,2024-04-18,22901,22901,384,1.68,25,6.53,10699.36,427.97,-35.1
CAM0039,Winter Campaign 2025-02,Marketing initiative focused on market expansion through targeted messaging and offers,Seasonal promotion,Young professionals in Rural communities who are Frequent shoppers,2025-02-06,2025-04-02,Completed,14048.785048731894,12330.523674014523,13787.447347917612,2.461673722103119,2.75253490675137,611.978473474663,12025.770683535195,816.6380304723185,333.06016043543553,X1,Target segment Control,CRYoWRjU,OFFlJ3E,5009,262,68,50148.51184232396,MD6vuCAxL1,2025-02-06,2025-02-10,2025-02-13,5009,5009,262,5.24,68,26.22,50148.51,737.48,263.73
CAM0040,Fall Campaign 2024-11,Marketing initiative focused on cross-selling campaign through targeted messaging and offers,Seasonal promotion,Young professionals in Rural communities who are Frequent shoppers,2024-11-10,2025-01-20,Completed,26116.845687165627,20984.81431028245,24372.279586860896,0.5256585333604481,0.6105127523574283,14782.440535718259,5794.9175178423375,677.8198877888439,3117.10164551146,C5,Target segment Premium,CRW32koN,OFFvRqZ,39921,3453,678,187472.68641378538,MDw10QFmyK,2024-11-10,2024-11-17,2024-11-14,39921,39921,3453,8.65,678,19.64,187472.69,276.51,669.2
CAM0041,Spring Campaign 2026-01,Marketing initiative focused on launch new product through targeted messaging and offers,Cross-selling campaign,Seniors in Rural communities who are Recent purchasers,2026-01-05,2026-03-21,Planned,68717.41898618662,57973.441337819066,46919.54096353368,1.756504812538072,1.4215888793677829,17196.857242620492,17889.02188749554,8533.933965255843,3299.7278681618072,U2,Target segment Value,CRIakS4w,OFF46IG,33005,1734,210,178282.7112136266,MD0mkvGzVa,2026-01-05,2026-01-06,2026-01-06,33005,33005,1734,5.25,210,12.15,178282.71,848.97,279.98
CAM0042,Holiday Campaign 2024-12,Marketing initiative focused on drive customer acquisition through targeted messaging and offers,Launch new product,Seniors in Metropolitan zones who are Frequent shoppers,2024-12-30,2025-04-16,Completed,59856.1265188679,50617.05264609122,39220.331166626645,12.211592918236724,9.462082307991952,11701.337568242303,17601.87236371752,6043.241427736945,3873.8798069298796,P3,Target segment Value,CRJeEc9k,OFFFhFP,4145,75,25,2488.1210939823104,MD64NmE7xK,2024-12-30,2025-01-05,2024-12-31,4145,4145,75,1.82,25,34.14,2488.12,99.52,-93.66
CAM0043,Fall Campaign 2024-10,Marketing initiative focused on boost customer retention through targeted messaging and offers,Seasonal promotion,Families in Urban areas who are High-value customers,2024-10-31,2025-02-25,Completed,30192.978046453532,25021.552359777244,24234.355886437163,0.7506090403413003,0.726994326876771,11794.607441066813,4030.5308330310654,6105.936844128357,2303.280768210927,U2,Target segment Standard,CRWq2acM,OFFFQcz,33335,3115,833,569982.7375509065,MDsDaeUyP9,2024-10-31,2024-11-01,2024-11-04,33335,33335,3115,9.35,833,26.76,569982.74,684.25,2251.96
CAM0044,Summer Campaign 2025-03,Marketing initiative focused on customer feedback initiative through targeted messaging and offers,Increase brand awareness,Business owners in Rural communities who are Inactive customers,2025-03-28,2025-09-19,Active,37952.376746429516,35901.47697073552,40172.460054236435,1.0888474151017689,1.218381052233302,5933.9017911139235,27096.04762325311,3572.7468309477567,3569.763808921646,Z8,Target segment Value,CRkutNmV,OFFyQrk,32972,4765,1308,458695.2024837856,MDXhvIPTvU,2025-03-28,2025-04-01,2025-04-02,32972,32972,4765,14.45,1308,27.47,458695.2,350.68,1041.82
CAM0045,Special Campaign 2023-10,Marketing initiative focused on customer feedback initiative through targeted messaging and offers,Customer feedback initiative,Students in Urban areas who are Inactive customers,2023-10-29,2024-03-06,Completed,22664.03686298033,18631.548889720423,15743.129602303514,1.0560905163655154,0.8923664891907671,6484.329050052463,5798.326428522195,2953.131228297727,507.34289543112976,U8,Target segment Test,CRPbpNjy,OFFyzAv,17642,2601,580,188075.97843392403,MDnrqb0vjr,2023-10-29,2023-11-01,2023-10-31,17642,17642,2601,14.75,580,22.32,188075.98,324.27,1094.65
CAM0046,Winter Campaign 2025-01,Marketing initiative focused on customer feedback initiative through targeted messaging and offers,Customer reactivation,Young professionals in Suburban regions who are Frequent shoppers,2025-01-30,2025-07-18,Active,45854.93421388974,38063.78307218512,31462.093516374553,0.9431767245381253,0.7795944573772716,16652.420800614276,8991.24221946154,3482.2796300578957,2336.1508662408432,S2,Target segment Premium,CRp47TY1,OFF2WI0,40357,3744,480,39594.29463842885,MDmsZWJVyp,2025-01-30,2025-02-06,2025-02-08,40357,40357,3744,9.28,480,12.84,39594.29,82.49,25.85
CAM0047,Winter Campaign 2025-10,Marketing initiative focused on seasonal promotion through targeted messaging and offers,Seasonal promotion,Seniors in Rural communities who are Inactive customers,2025-10-11,2026-02-16,Planned,25791.362183579782,20865.309155407507,21030.33622623583,1.2107763683286432,1.2203525924816243,4840.327012037122,14091.649624594274,1113.4752506392906,984.8843389651464,K6,Target segment Control,CREC5IKK,OFFiaIS,17233,1080,95,13404.971345966762,MD9J4PCkjE,2025-10-11,2025-10-12,2025-10-14,17233,17233,1080,6.27,95,8.83,13404.97,141.1,-36.26
CAM0048,Holiday Campaign 2023-05,Marketing initiative focused on cross-selling campaign through targeted messaging and offers,Customer feedback initiative,Business owners in Suburban regions who are High-value customers,2023-05-11,2023-07-13,Completed,30564.906396324077,25115.624537581385,19883.394249548146,0.8825195733364273,0.6986680575406075,703.6072380790263,13254.626337975807,3301.117633703122,2624.0430397901896,M3,Target segment Test,CRYBaGpM,OFFbprE,28459,3569,673,430854.56682576507,MDte0aSdLM,2023-05-11,2023-05-13,2023-05-15,28459,28459,3569,12.54,673,18.88,430854.57,640.2,2066.91
CAM0049,Holiday Campaign 2026-03,Marketing initiative focused on launch new product through targeted messaging and offers,Customer reactivation,Families in Urban areas who are High-value customers,2026-03-07,2026-05-15,Planned,37847.05811931249,33075.362221834395,32032.500651623504,0.7154214012336563,0.6928642639648621,11147.663044936544,17175.026828393125,454.6742430192397,3255.1365352745947,M2,Target segment Test,CRn4IPSr,OFFqe1t,46232,2792,1036,194738.2319860968,MD1u9ibMrE,2026-03-07,2026-03-12,2026-03-09,46232,46232,2792,6.04,1036,37.14,194738.23,187.97,507.94
CAM0050,Special Campaign 2025-06,Marketing initiative focused on customer feedback initiative through targeted messaging and offers,Customer reactivation,Students in Urban areas who are Recent purchasers,2025-06-04,2025-10-21,Planned,43697.71816790149,35203.467899380026,41608.09408032368,4.171027002296212,4.929868966862995,10906.21484829471,22838.059198170173,4517.073788337193,3346.7462455216064,H6,Target segment Premium,CRhnYqlH,OFFo5Wj,8440,612,233,82877.65511135123,MDcipbp1Lb,2025-06-04,2025-06-08,2025-06-05,8440,8440,612,7.26,233,38.15,82877.66,355.7,99.19
CAM0051,Spring Campaign 2024-12,Marketing initiative focused on brand loyalty program through targeted messaging and offers,Increase brand awareness,Students in Urban areas who are Frequent shoppers,2024-12-04,2025-01-09,Completed,21151.1657347489,17276.691210451176,14565.785048491056,0.35130934992173685,0.2961849820751364,2103.239457241789,3879.2148094985305,5472.27527148988,3111.0555102608555,O9,Target segment Test,CRoicxwO,OFFYU6v,49178,3561,433,141287.78180883007,MD6HuYnIIG,2024-12-04,2024-12-10,2024-12-11,49178,49178,3561,7.24,433,12.19,141287.78,326.3,870.0
CAM0052,Spring Campaign 2023-06,Marketing initiative focused on launch new product through targeted messaging and offers,Boost customer retention,Seniors in Rural communities who are Inactive customers,2023-06-04,2023-08-17,Completed,24835.22472535846,19975.200747811094,19122.671254897825,0.503711941391242,0.4822138202263926,2500.9760859736093,13975.484979972463,984.020559469148,1662.1896294826042,M9,Target segment Premium,CRtdE8Qw,OFFCnHr,39656,4695,1286,77245.63279354913,MDylzAxTpt,2023-06-04,2023-06-09,2023-06-05,39656,39656,4695,11.84,1286,27.39,77245.63,60.07,303.95
CAM0053,Winter Campaign 2025-02,Marketing initiative focused on cross-selling campaign through targeted messaging and offers,Customer reactivation,Seniors in Metropolitan zones who are Frequent shoppers,2025-02-15,2025-05-31,Active,41323.33507974668,36284.57733117155,33968.43391928728,0.9259576719025048,0.8668512713542408,9755.956409226494,16367.1102834083,6425.806737691102,1419.5604889613887,S9,Target segment Standard,CR4TNn8r,OFFAWHo,39186,4033,445,401673.75530083483,MDd5IJcGTe,2025-02-15,2025-02-21,2025-02-19,39186,39186,4033,10.29,445,11.04,401673.76,902.64,1082.49
CAM0054,Summer Campaign 2023-11,Marketing initiative focused on increase brand awareness through targeted messaging and offers,Boost customer retention,Students in Suburban regions who are Inactive customers,2023-11-24,2024-05-09,Completed,43366.43157384409,40326.70881218241,31588.57590831536,1.621174223605323,1.2698924988267482,12823.317254361627,6462.925019519272,7680.952378688887,4621.381255745576,O8,Target segment Control,CRi1CTsx,OFFUm0A,24875,1100,159,125948.09264943989,MDx9JzfXKX,2023-11-24,2023-11-27,2023-11-27,24875,24875,1100,4.42,159,14.51,125948.09,792.13,298.71
CAM0055,Spring Campaign 2026-04,Marketing initiative focused on boost customer retention through targeted messaging and offers,Seasonal promotion,Young professionals in Rural communities who are Frequent shoppers,2026-04-10,2026-09-30,Planned,15049.453270582084,13276.597934337196,16592.071906883244,0.5081173383725821,0.6350060050856613,4760.609951630678,7483.632050676794,1549.4697509820567,2798.360153593716,W3,Target segment Test,CRzkJysX,OFFFusU,26129,1845,216,181561.8479052028,MDw4JRq1t3,2026-04-10,2026-04-17,2026-04-15,26129,26129,1845,7.06,216,11.73,181561.85,840.56,994.27
CAM0056,Fall Campaign 2025-06,Marketing initiative focused on customer reactivation through targeted messaging and offers,Launch new product,Students in Suburban regions who are High-value customers,2025-06-11,2025-10-31,Planned,50410.663522438444,45797.03166182874,35507.95361947683,5.456574724392796,4.230662888058719,7676.470826910436,16478.561182150857,6959.039011671759,4393.882598743771,L7,Target segment Value,CRZoyGJq,OFFmAkL,8393,783,272,144016.3488161333,MDoYegGtRR,2025-06-11,2025-06-14,2025-06-14,8393,8393,783,9.33,272,34.86,144016.35,529.47,305.59
CAM0057,Special Campaign 2025-12,Marketing initiative focused on boost customer retention through targeted messaging and offers,Customer reactivation,Business owners in Metropolitan zones who are Recent purchasers,2025-12-26,2026-02-06,Planned,29840.42417802501,27882.139397194238,20249.39048649588,1.1937891504193456,0.8669888031553297,8026.711349763499,5925.320511989068,2902.9279196050957,3394.430705138216,U4,Target segment Value,CRF6nzgf,OFFx01d,23356,822,172,28600.646457680676,MDGNvaa45H,2025-12-26,2025-12-28,2026-01-03,23356,23356,822,3.52,172,20.95,28600.65,166.28,41.24
CAM0058,Winter Campaign 2025-01,Marketing initiative focused on boost customer retention through targeted messaging and offers,Cross-selling campaign,Business owners in Urban areas who are High-value customers,2025-01-02,2025-06-08,Active,16082.076982903776,14603.313281045199,17378.881032835558,1.8886851113612517,2.2476566260780597,4143.539831436412,9448.53903545085,2068.28644399802,1718.515721950275,T9,Target segment Premium,CRR8QAGA,OFF0V6z,7732,868,183,160260.29058268017,MDrUka9CKb,2025-01-02,2025-01-06,2025-01-11,7732,7732,868,11.23,183,21.13,160260.29,875.74,822.16
CAM0059,Summer Campaign 2025-05,Marketing initiative focused on seasonal promotion through targeted messaging and offers,Brand loyalty program,Students in Urban areas who are High-value customers,2025-05-14,2025-06-28,Planned,35273.13447988523,29917.10450347986,23198.07651694314,0.7777544975687584,0.6030800321567914,8313.523074356177,13439.940066062525,456.91231503978554,987.7010614846505,T7,Target segment Value,CRXXRlUC,OFF0CBJ,38466,4988,730,336606.97275957005,MDxTZXZKeD,2025-05-14,2025-05-17,2025-05-16,38466,38466,4988,12.97,730,14.64,336606.97,461.11,1351.01
CAM0060,Special Campaign 2024-08,Marketing initiative focused on launch new product through targeted messaging and offers,Boost customer retention,Business owners in Urban areas who are Recent purchasers,2024-08-28,2024-11-03,Completed,19934.20380661206,17608.044517430448,18250.247806330404,0.8388777759614315,0.8694734543273179,5471.677718515677,10444.887468954292,2012.9568445481134,320.72577431232344,Q3,Target segment Value,CRMKOSJY,OFFFZmz,20990,2971,1146,568204.0106459426,MDUsEuIysL,2024-08-28,2024-09-03,2024-08-29,20990,20990,2971,14.16,1146,38.6,568204.01,495.82,3013.4
CAM0061,Summer Campaign 2025-08,Marketing initiative focused on cross-selling campaign through targeted messaging and offers,Cross-selling campaign,Students in Rural communities who are High-value customers,2025-08-24,2026-01-26,Planned,30660.420388261417,28747.78617551161,26964.172941168436,0.6401912075606638,0.6004715052036174,13678.491256688263,6177.349384676803,4424.10672429346,2684.2255755099095,F4,Target segment Value,CRxXqkdT,OFF3zC5,44905,4050,1374,196668.30879542377,MD19nju2dQ,2025-08-24,2025-08-31,2025-08-26,44905,44905,4050,9.02,1374,33.95,196668.31,143.14,629.37
CAM0062,Holiday Campaign 2025-05,Marketing initiative focused on customer feedback initiative through targeted messaging and offers,Customer feedback initiative,Students in Metropolitan zones who are High-value customers,2025-05-05,2025-10-20,Planned,28328.659114602277,25128.66348537166,25868.658390894263,0.6146181603368389,0.6327175832431029,9898.385115053672,7839.296173139739,4178.2442549477555,3952.7328477530987,J7,Target segment Control,CR7E1WE1,OFFgYte,40885,5221,1806,1720116.1748691406,MDR8ixMNbK,2025-05-05,2025-05-12,2025-05-12,40885,40885,5221,12.77,1806,34.6,1720116.17,952.45,6549.42
CAM0063,Spring Campaign 2026-02,Marketing initiative focused on cross-selling campaign through targeted messaging and offers,Customer reactivation,Families in Suburban regions who are Recent purchasers,2026-02-11,2026-05-21,Planned,34257.40794886124,32173.334759591766,24148.27383389213,1.1361041971676884,0.8527233953844461,5396.946307609687,13178.08453585784,3949.231273430985,1624.0117169936163,T1,Target segment Control,CRl2FZtQ,OFFcXhd,28319,2657,734,461693.96848684485,MDpOoXd3nE,2026-02-11,2026-02-14,2026-02-15,28319,28319,2657,9.38,734,27.64,461693.97,629.01,1811.91
CAM0064,Spring Campaign 2026-01,Marketing initiative focused on increase brand awareness through targeted messaging and offers,Launch new product,Young professionals in Metropolitan zones who are High-value customers,2026-01-02,2026-02-02,Planned,10441.97698765387,8749.459455010221,7241.263338065435,0.9444580586150929,0.7816562325200167,1321.534219619447,3043.719100925074,2006.5575623907478,869.4524551301658,A6,Target segment Value,CRyvbRJ1,OFF227I,9264,816,161,77607.92481148147,MDgsEOSPEX,2026-01-02,2026-01-05,2026-01-05,9264,9264,816,8.82,161,19.76,77607.92,482.04,971.75
CAM0065,Summer Campaign 2024-08,Marketing initiative focused on launch new product through targeted messaging and offers,Launch new product,Business owners in Rural communities who are High-value customers,2024-08-26,2024-12-22,Completed,60075.29185645808,50470.50422092765,39131.10947875238,1.0307675888597265,0.7991812245476755,8145.376637652325,19243.007773228936,7833.364379707083,3909.360688164039,L5,Target segment Premium,CRakPvFy,OFF7H4S,48964,1260,374,177117.12365503365,MDpssDhmVB,2024-08-26,2024-08-31,2024-09-05,48964,48964,1260,2.57,374,29.75,177117.12,473.58,352.62
CAM0066,Summer Campaign 2023-06,Marketing initiative focused on market expansion through targeted messaging and offers,Drive customer acquisition,Seniors in Urban areas who are Frequent shoppers,2023-06-25,2023-09-17,Completed,72114.81950560426,59981.15422296946,43521.62710494666,1.5685448280065235,1.1381178636230822,15793.081540677043,17030.303946939493,7221.995879965127,3476.2457373649927,Y7,Target segment Value,CRfwpzOZ,OFFzZ4o,38240,5043,744,743815.3234923605,MDcgfkxzFM,2023-06-25,2023-06-27,2023-06-30,38240,38240,5043,13.19,744,14.75,743815.32,999.75,1609.07
CAM0067,Summer Campaign 2025-05,Marketing initiative focused on increase brand awareness through targeted messaging and offers,Customer feedback initiative,Young professionals in Rural communities who are Inactive customers,2025-05-14,2025-06-25,Planned,22087.689995072913,20209.62992400092,21246.920709497,0.4751070814585166,0.4994926936431107,655.2424098796548,16304.071228501305,1357.4792462328005,2930.1278248832386,B7,Target segment Standard,CRpDwE1q,OFFHwfT,42537,4405,1477,937573.0063531207,MDdgic75Pz,2025-05-14,2025-05-16,2025-05-23,42537,42537,4405,10.36,1477,33.53,937573.01,634.78,4312.75
CAM0068,Summer Campaign 2024-06,Marketing initiative focused on market expansion through targeted messaging and offers,Drive customer acquisition,Young professionals in Suburban regions who are Inactive customers,2024-06-18,2024-08-22,Completed,4468.0267879971225,4180.492329255251,5136.198917225278,0.18443077289695378,0.2265936787940741,885.9745751621192,1012.6569178246214,1609.2819225456221,1628.2855016929154,I5,Target segment Test,CRpui8rY,OFF4Dfi,22667,2437,187,158748.05737572815,MDPxyQhn60,2024-06-18,2024-06-20,2024-06-28,22667,22667,2437,10.76,187,7.69,158748.06,848.92,2990.77
CAM0069,Special Campaign 2025-11,Marketing initiative focused on cross-selling campaign through targeted messaging and offers,Drive customer acquisition,Seniors in Urban areas who are Recent purchasers,2025-11-08,2026-01-04,Planned,19403.03379549029,16399.615170449903,19578.924382103847,0.354004558357076,0.4226336049325184,6817.540343824457,10240.28623086462,299.2160347074881,2221.8817727072837,H3,Target segment Premium,CRWx0JI3,OFF9In7,46326,6007,1358,1176198.1101583934,MDnP0clEeN,2025-11-08,2025-11-11,2025-11-13,46326,46326,6007,12.97,1358,22.62,1176198.11,866.13,5907.47
CAM0070,Special Campaign 2025-03,Marketing initiative focused on market expansion through targeted messaging and offers,Cross-selling campaign,Business owners in Metropolitan zones who are Recent purchasers,2025-03-09,2025-04-19,Completed,19323.8897342175,16090.851678975192,11653.945880509284,11.411951545372476,8.265209844332825,1788.5653868204424,6510.827425753544,1411.9707822664807,1942.5822856688176,Z5,Target segment Test,CRESITAB,OFFBbVs,1410,64,24,2468.7941940906408,MDJCzew7FC,2025-03-09,2025-03-12,2025-03-14,1410,1410,64,4.54,24,38.28,2468.79,102.87,-78.82
CAM0071,Summer Campaign 2026-01,Marketing initiative focused on launch new product through targeted messaging and offers,Customer reactivation,Business owners in Rural communities who are Recent purchasers,2026-01-04,2026-05-10,Planned,23107.42980144424,19548.770608025497,15579.447947959397,0.3962213832750719,0.315769750455215,1341.9748666778132,9089.597730289657,2775.1202268478014,2372.7551241441242,Q2,Target segment Test,CRumE0Hy,OFFqXrd,49338,505,148,118494.43513439943,MDikhSVsC3,2026-01-04,2026-01-07,2026-01-11,49338,49338,505,1.02,148,29.42,118494.44,800.64,660.58
CAM0072,Fall Campaign 2025-11,Marketing initiative focused on cross-selling campaign through targeted messaging and offers,Brand loyalty program,Young professionals in Metropolitan zones who are Frequent shoppers,2025-11-05,2026-01-06,Planned,22272.888325131466,19806.93793026007,22408.5963232394,0.42272837328481633,0.4782541099826998,11598.353585743456,2322.524811189007,4472.486608719953,4015.2313175869813,U7,Target segment Test,CRVTaUXd,OFFYy8S,46855,2111,210,46557.8112726977,MD1TqwUkaQ,2025-11-05,2025-11-10,2025-11-10,46855,46855,2111,4.51,210,9.96,46557.81,221.7,107.77
CAM0073,Winter Campaign 2025-02,Marketing initiative focused on launch new product through targeted messaging and offers,Cross-selling campaign,Seniors in Rural communities who are Inactive customers,2025-02-23,2025-07-05,Active,32984.14527766394,29614.605704546073,26524.704454588566,4.295707238837551,3.847505723032864,3527.0332688707754,21450.681694268056,707.9614030772643,839.0280883724706,Z4,Target segment Control,CRBMveWZ,OFF5oqc,6894,638,100,40516.89275171279,MDKB2DyGHd,2025-02-23,2025-02-27,2025-03-05,6894,6894,638,9.26,100,15.69,40516.89,405.17,52.75
CAM0074,Summer Campaign 2023-02,Marketing initiative focused on customer feedback initiative through targeted messaging and offers,Boost customer retention,Business owners in Urban areas who are Inactive customers,2023-02-12,2023-04-10,Completed,42376.68744843976,35876.87570269354,29156.89332617688,1.6657477807917886,1.3537419131849233,5013.088347139104,15141.92639560553,6548.676049656896,2453.2025337753466,Y3,Target segment Test,CRugwdRv,OFFRTZu,21538,814,225,173794.2495658894,MD8QaZKiNz,2023-02-12,2023-02-17,2023-02-15,21538,21538,814,3.78,225,27.66,173794.25,772.42,496.07
CAM0075,Spring Campaign 2025-10,Marketing initiative focused on drive customer acquisition through targeted messaging and offers,Cross-selling campaign,Students in Rural communities who are High-value customers,2025-10-16,2026-02-07,Planned,32848.59884897314,30623.17391203256,22528.659258796208,1.5483453287507614,1.1390767144704321,9425.884881392727,5926.038582732685,5450.532866027403,1726.2029286433954,I8,Target segment Standard,CR84U8N8,OFFhHU2,19778,511,28,16431.01529377404,MDPgrKycHn,2025-10-16,2025-10-22,2025-10-20,19778,19778,511,2.59,28,5.64,16431.02,586.82,-27.07
CAM0076,Holiday Campaign 2023-06,Marketing initiative focused on increase brand awareness through targeted messaging and offers,Seasonal promotion,Seniors in Rural communities who are Inactive customers,2023-06-13,2023-09-08,Completed,38703.009092442924,31473.29870617729,22549.7277273546,1.637272991009587,1.173059757964657,7526.033808136331,9597.515536124165,2682.3017262790327,2743.876656815069,V5,Target segment Test,CRoUx4nY,OFFNKiv,19223,2862,992,230976.36201628376,MDg3BhuMZB,2023-06-13,2023-06-18,2023-06-16,19223,19223,2862,14.89,992,34.69,230976.36,232.84,924.3
CAM0077,Spring Campaign 2023-12,Marketing initiative focused on brand loyalty program through targeted messaging and offers,Boost customer retention,Young professionals in Urban areas who are High-value customers,2023-12-05,2024-05-04,Completed,57803.89986827957,49264.65817032243,43279.82934348918,3.234924037712419,2.841935080667751,12423.20964337898,22896.8894465016,3630.807913676849,4328.922339931753,H5,Target segment Standard,CRnPLatY,OFFrFmJ,15229,1330,247,167941.27603121247,MDova4B6ry,2023-12-05,2023-12-10,2023-12-15,15229,15229,1330,8.74,247,18.59,167941.28,679.92,288.04
CAM0078,Summer Campaign 2023-08,Marketing initiative focused on cross-selling campaign through targeted messaging and offers,Increase brand awareness,Young professionals in Suburban regions who are High-value customers,2023-08-27,2023-10-15,Completed,22764.51245921511,18723.908501816528,14899.979199747922,8.840372286032355,7.034928800636413,5039.889057818589,5601.750737696698,1876.0714556128003,2382.267948619836,A5,Target segment Premium,CRaP5K1d,OFF43C0,2118,187,37,28029.819850413733,MDNE7rmPP5,2023-08-27,2023-08-29,2023-08-30,2118,2118,187,8.84,37,20.11,28029.82,757.56,88.12
CAM0079,Special Campaign 2025-12,Marketing initiative focused on launch new product through targeted messaging and offers,Customer feedback initiative,Business owners in Rural communities who are Inactive customers,2025-12-25,2026-02-20,Planned,40037.76399694762,32150.011546314177,37498.3819977806,0.9537798607545442,1.1124475494772932,15458.267392872336,15058.310933510129,2202.671595844748,4779.132075553386,I9,Target segment Premium,CRfb6dXN,OFFjbKK,33708,4481,260,32610.152836149315,MD9em7nnVF,2025-12-25,2025-12-30,2025-12-30,33708,33708,4481,13.3,260,5.82,32610.15,125.42,-13.04
CAM0080,Special Campaign 2025-02,Marketing initiative focused on launch new product through targeted messaging and offers,Cross-selling campaign,Seniors in Metropolitan zones who are High-value customers,2025-02-11,2025-05-15,Active,31780.351198737353,29648.66590972341,21486.609723093654,1.3587839555326953,0.9847208855679951,10911.772487598593,5548.709790443701,1860.924944353153,3165.202500698206,T7,Target segment Value,CRe9LlZB,OFFvHp8,21820,2960,825,818774.3766187057,MDhPhkKQ1Z,2025-02-11,2025-02-18,2025-02-20,21820,21820,2960,13.57,825,27.88,818774.38,992.45,3710.63
CAM0081,Fall Campaign 2023-03,Marketing initiative focused on seasonal promotion through targeted messaging and offers,Cross-selling campaign,Seniors in Rural communities who are Recent purchasers,2023-03-29,2023-07-15,Completed,36467.52731793238,30411.326265186817,24531.9554942766,0.8315012376329309,0.6707484960429978,6927.353910283269,15603.991552076683,1018.2994290132058,982.3106029034412,O2,Target segment Standard,CR8fXOah,OFFkopb,36574,4895,752,511296.4661995864,MD16FTfUoo,2023-03-29,2023-04-04,2023-04-02,36574,36574,4895,13.39,752,15.38,511296.47,679.92,1984.21
CAM0082,Holiday Campaign 2023-05,Marketing initiative focused on customer feedback initiative through targeted messaging and offers,Increase brand awareness,Students in Suburban regions who are High-value customers,2023-05-03,2023-09-11,Completed,67576.36388740943,57295.47055243946,47720.680542459886,1.424870571546081,1.1867568710666208,14861.589308543664,24168.6034085292,5429.639338890493,3260.8484864965253,V4,Target segment Premium,CRSKw1LJ,OFFAq46,40211,2090,251,134723.9808120845,MDoYU6QiYW,2023-05-03,2023-05-09,2023-05-11,40211,40211,2090,5.2,251,12.05,134723.98,536.75,182.32
CAM0083,Summer Campaign 2023-08,Marketing initiative focused on seasonal promotion through targeted messaging and offers,Cross-selling campaign,Business owners in Metropolitan zones who are High-value customers,2023-08-13,2023-09-30,Completed,24929.486960956077,20377.711869890605,14810.496912276885,1.364975006356126,0.9920622220026046,6538.643469390138,5240.931466523301,1550.3682423251441,1480.553734038302,I6,Target segment Standard,CRaYoJIb,OFFh7Y4,14929,1331,427,300397.47177761875,MDGVYiIKQh,2023-08-13,2023-08-18,2023-08-16,14929,14929,1331,8.92,427,32.11,300397.47,703.51,1928.27
CAM0084,Holiday Campaign 2024-07,Marketing initiative focused on launch new product through targeted messaging and offers,Launch new product,Young professionals in Metropolitan zones who are Recent purchasers,2024-07-20,2024-10-29,Completed,27162.979322030747,24555.52779614415,21809.841235656586,0.71638497523541,0.6362820910714644,11186.336156563246,7969.962469641015,1879.757508293774,773.785101158551,B4,Target segment Premium,CRqdCyce,OFFsup3,34277,2487,452,332484.20270991826,MDA8k4rc5U,2024-07-20,2024-07-25,2024-07-30,34277,34277,2487,7.26,452,18.21,332484.2,735.58,1424.47
CAM0085,Special Campaign 2023-03,Marketing initiative focused on customer reactivation through targeted messaging and offers,Increase brand awareness,Students in Suburban regions who are Recent purchasers,2023-03-13,2023-08-27,Completed,30834.641655239797,28315.913343839457,22041.448993071514,0.7382587236042095,0.574669508358011,6867.61122218434,10119.922559911043,3509.102538698975,1544.8126722771563,G9,Target segment Standard,CRE7HIj6,OFF6jO4,38355,5226,1088,261489.4076486723,MDQ0QfoUWW,2023-03-13,2023-03-18,2023-03-17,38355,38355,5226,13.63,1088,20.83,261489.41,240.34,1086.35
CAM0086,Spring Campaign 2025-12,Marketing initiative focused on customer feedback initiative through targeted messaging and offers,Market expansion,Business owners in Metropolitan zones who are Recent purchasers,2025-12-19,2026-03-28,Planned,11864.404461626551,11273.120472712926,9360.797239650594,1.1551511909737602,0.9591963561482317,5527.852063961367,2012.8112322683419,787.6240523682739,1032.5098910526112,F8,Target segment Standard,CR7cNFUj,OFFq4gj,9759,310,15,4610.922678152979,MD59puBOD7,2025-12-19,2025-12-21,2025-12-24,9759,9759,310,3.18,15,5.08,4610.92,307.39,-50.74
CAM0087,Special Campaign 2024-07,Marketing initiative focused on boost customer retention through targeted messaging and offers,Drive customer acquisition,Young professionals in Rural communities who are Frequent shoppers,2024-07-25,2024-11-11,Completed,43872.642641577215,37336.660925888325,44624.55431546727,0.8853634233451502,1.0581810797815387,15760.685451502584,20903.947268246226,7655.8666244859005,304.0549712325612,C9,Target segment Test,CRxbK0Gs,OFFQWJg,42171,2518,152,119331.49231253941,MDzU16p61p,2024-07-25,2024-07-30,2024-07-28,42171,42171,2518,5.97,152,6.06,119331.49,785.08,167.41
CAM0088,Fall Campaign 2024-03,Marketing initiative focused on customer feedback initiative through targeted messaging and offers,Seasonal promotion,Business owners in Metropolitan zones who are Recent purchasers,2024-03-14,2024-04-16,Completed,18777.18912155034,17726.108427086394,14897.126708320418,2.197088302811898,1.8464460471393678,5101.803775862177,3936.357015893795,3911.454829281913,1947.511087282534,J2,Target segment Premium,CRLGR1dP,OFFA5nD,8068,1065,86,59691.79112831944,MDUjbFm4PB,2024-03-14,2024-03-17,2024-03-22,8068,8068,1065,13.2,86,8.15,59691.79,694.09,300.69
CAM0089,Holiday Campaign 2025-12,Marketing initiative focused on increase brand awareness through targeted messaging and offers,Launch new product,Business owners in Suburban regions who are Inactive customers,2025-12-24,2026-03-26,Planned,57545.797140882285,51967.788520603695,41319.73404949678,7.806487685234144,6.206960199714103,4636.384362987671,23022.708163026895,9309.53221750224,4351.109305979976,C3,Target segment Test,CRYOIQLM,OFFn5Fr,6657,894,283,168219.15458749564,MDWMvgugwE,2025-12-24,2025-12-28,2025-12-28,6657,6657,894,13.44,283,31.73,168219.15,594.41,307.12
CAM0090,Winter Campaign 2024-02,Marketing initiative focused on customer feedback initiative through targeted messaging and offers,Launch new product,Seniors in Rural communities who are Frequent shoppers,2024-02-26,2024-04-24,Completed,69747.82664917747,56875.99096088829,48001.03829723751,1.3655700110657452,1.1524859134991,12406.517767230593,24017.111900119125,8051.593703819451,3525.8149260683326,W9,Target segment Test,CRCTuT45,OFFI44a,41650,3224,1069,460749.49858493975,MDvKeWIG8y,2024-02-26,2024-03-01,2024-02-27,41650,41650,3224,7.74,1069,33.16,460749.5,431.01,859.87
CAM0091,Holiday Campaign 2023-02,Marketing initiative focused on cross-selling campaign through targeted messaging and offers,Cross-selling campaign,Seniors in Rural communities who are Recent purchasers,2023-02-15,2023-06-04,Completed,6553.8260959642885,6130.412624132312,5836.731515860719,1.0111186910988474,0.9626804413426883,608.6029149636277,3117.3927254825785,1529.5122709269403,581.2236044875725,T3,Target segment Control,CRL9tGDn,OFFqVk0,6063,678,254,197205.91813350303,MDPm059N74,2023-02-15,2023-02-20,2023-02-18,6063,6063,678,11.2,254,37.53,197205.92,776.4,3278.7
CAM0092,Summer Campaign 2023-10,Marketing initiative focused on launch new product through targeted messaging and offers,Cross-selling campaign,Young professionals in Metropolitan zones who are Recent purchasers,2023-10-05,2023-12-27,Completed,20585.494974298526,19540.932028181196,17019.77051685419,0.5473803755898259,0.4767576267361604,5859.007900802709,7975.945205719129,2088.146968442383,1096.6704418899694,I4,Target segment Control,CRfYdDkv,OFFQtxD,35699,2469,919,678081.88620316,MDk0fgXYxP,2023-10-05,2023-10-11,2023-10-06,35699,35699,2469,6.92,919,37.23,678081.89,737.85,3884.08
CAM0093,Spring Campaign 2023-03,Marketing initiative focused on launch new product through targeted messaging and offers,Drive customer acquisition,Business owners in Suburban regions who are High-value customers,2023-03-07,2023-09-03,Completed,28598.81773119821,26174.60609288998,20492.723300983755,0.8981746651873577,0.7032023643189813,6415.596072314678,9346.308758423413,2965.0580251985125,1765.7604450471515,J7,Target segment Premium,CRMPgtAa,OFFV94V,29142,2954,288,80583.4754421051,MDVjIzhnuD,2023-03-07,2023-03-11,2023-03-15,29142,29142,2954,10.14,288,9.76,80583.48,279.8,293.23
CAM0094,Holiday Campaign 2025-07,Marketing initiative focused on increase brand awareness through targeted messaging and offers,Seasonal promotion,Young professionals in Urban areas who are Inactive customers,2025-07-25,2026-01-11,Planned,27160.665156053743,22900.130941536165,24061.75973180663,0.7989718422139476,0.8395003744263007,3135.036388818089,17372.295135583994,3115.0576323499213,439.3705750546206,G2,Target segment Test,CRemEpGa,OFFSTN5,28662,2597,457,48854.197092826966,MDp96mREpq,2025-07-25,2025-07-26,2025-07-27,28662,28662,2597,9.06,457,17.62,48854.2,106.9,103.04
CAM0095,Summer Campaign 2024-07,Marketing initiative focused on launch new product through targeted messaging and offers,Launch new product,Seniors in Metropolitan zones who are High-value customers,2024-07-21,2025-01-05,Completed,33316.6445595448,30687.429361151175,31578.66906609141,0.9649831565407118,0.9930086810506402,7016.338146711356,18793.799710154064,2645.4237094385367,3123.107499787456,D7,Target segment Premium,CRngl1Oy,OFF6ePt,31801,3368,220,204599.08975425083,MDEEE9yxGd,2024-07-21,2024-07-25,2024-07-29,31801,31801,3368,10.59,220,6.53,204599.09,930.0,547.9
CAM0096,Fall Campaign 2026-02,Marketing initiative focused on customer reactivation through targeted messaging and offers,Increase brand awareness,Young professionals in Metropolitan zones who are High-value customers,2026-02-21,2026-03-28,Planned,36547.33469023978,30533.23298858898,29919.885160132362,3.6134003536791695,3.540814811849984,10917.552419133173,9615.299302671758,7599.274249992944,1787.7591883344867,J8,Target segment Standard,CR0fwh6W,OFFNoyK,8450,216,42,33268.78258865142,MD7Ouzl7CC,2026-02-21,2026-02-26,2026-03-03,8450,8450,216,2.56,42,19.62,33268.78,792.11,11.19
CAM0097,Holiday Campaign 2023-05,Marketing initiative focused on launch new product through targeted messaging and offers,Customer feedback initiative,Business owners in Suburban regions who are Inactive customers,2023-05-22,2023-08-01,Completed,39253.768541038924,32036.251989230263,22892.60854201563,1.6047010613719828,1.146694477159669,5310.309361929903,11604.402755002333,5644.136512918025,333.75991216536937,T8,Target segment Premium,CRpmJYMr,OFFCYV4,19964,2671,348,148454.08134839367,MDnqO5Ylvu,2023-05-22,2023-05-29,2023-05-28,19964,19964,2671,13.38,348,13.05,148454.08,426.59,548.48
CAM0098,Holiday Campaign 2025-11,Marketing initiative focused on brand loyalty program through targeted messaging and offers,Increase brand awareness,Business owners in Rural communities who are Frequent shoppers,2025-11-11,2026-01-30,Planned,29893.254988018303,25571.608023155233,26905.995316842007,0.5940530600556436,0.6250521608707431,1738.0309682674351,14980.369270203293,6328.6550285508965,3858.940049820382,K4,Target segment Value,CRwLzEQa,OFFv7sv,43046,5111,1867,1202876.3143911485,MDSc66PI8j,2025-11-11,2025-11-14,2025-11-12,43046,43046,5111,11.87,1867,36.53,1202876.31,644.28,4370.66
CAM0099,Fall Campaign 2024-12,Marketing initiative focused on seasonal promotion through targeted messaging and offers,Brand loyalty program,Young professionals in Suburban regions who are Inactive customers,2024-12-19,2025-04-26,Active,31718.793032074154,25474.829068772728,22324.486919059364,2.0824678385328808,1.8249396647641105,990.510691058585,12919.436329408958,6348.178137667694,2066.3617609241264,Y9,Target segment Test,CR9WkNi3,OFF5Jsb,12233,1206,114,64849.17917445228,MDxlPOLUnG,2024-12-19,2024-12-26,2024-12-26,12233,12233,1206,9.86,114,9.51,64849.18,568.85,190.48
CAM0100,Spring Campaign 2025-01,Marketing initiative focused on seasonal promotion through targeted messaging and offers,Drive customer acquisition,Business owners in Rural communities who are Inactive customers,2025-01-24,2025-07-17,Active,15341.055088425392,12727.703690277514,9111.240111606177,0.35111875335257564,0.25135148863709833,4224.024516588978,2449.7833115480707,577.8708014324154,1859.561482036713,U3,Target segment Value,CR7S9w7Y,OFFRJCC,36249,4155,520,31489.688659571402,MDM3VKYJfD,2025-01-24,2025-01-26,2025-01-25,36249,36249,4155,11.46,520,12.53,31489.69,60.56,245.61
